{
	"PedalOn" : [ 2, 0, 0, 1 ],
	"PedalOff" : [ 2, 0, 0, 0 ],
	"ModOn" : [ 2, 1, 0, 1 ],
	"ModOff" : [ 2, 1, 0, 0 ],
	"DelayOn" : [ 2, 2, 0, 1 ],
	"DelayOff" : [ 2, 2, 0, 0 ],
	"ReverbOn" : [ 2, 3, 0, 1 ],
	"ReverbOff" : [ 2, 3, 0, 0 ],
	"AmpOn" : [ 2, 4, 0, 1 ],
	"AmpOff" : [ 2, 4, 0, 0 ],
	"CabOn" : [ 2, 5, 0, 1 ],
	"CabOff" : [ 2, 5, 0, 0 ],
	
	"Pcomp" : [ 3, 0, 0, 0 ],
	"Pacoustic" : [ 3, 0, 0, 1 ],
	"Pvoxwah" : [ 3, 0, 0, 2 ],
	"Puvibe" : [ 3, 0, 0, 3 ],
	"Pbophase" : [ 3, 0, 0, 4 ],
	"Poctave" : [ 3, 0, 0, 5 ],
	"Pring" : [ 3, 0, 0, 6 ],
	"Ptreboost" : [ 3, 0, 0, 7 ],
	"Ptubeod" : [ 3, 0, 0, 8 ],
	"Psuperod" : [ 3, 0, 0, 9 ],
	"Pboutique" : [ 3, 0, 0, 10 ],
	"Pfatdist" : [ 3, 0, 0, 11 ],
	"Porangedist" : [ 3, 0, 0, 12 ],
	"Pmetaldist" : [ 3, 0, 0, 13 ],
	"Pfuzz" : [ 3, 0, 0, 14 ],
	"Poctafuzz" : [ 3, 0, 0, 15 ],
	
	"Aac15" : [ 3, 4, 0, 0 ],
	"Aac15tb" : [ 3, 4, 0, 1 ],
	"Aac30" : [ 3, 4, 0, 2 ],
	"Aac30tb" : [ 3, 4, 0, 3 ],
	"Aukblues" : [ 3, 4, 0, 4 ],
	"Auk68p" : [ 3, 4, 0, 5 ],
	"Auk80s" : [ 3, 4, 0, 6 ],
	"Auk90s" : [ 3, 4, 0, 7 ],
	"Aukmodrn" : [ 3, 4, 0, 8 ],
	"Ausmodrn" : [ 3, 4, 0, 9 ],
	"Aushig" : [ 3, 4, 0, 10 ],
	"Abiqod" : [ 3, 4, 0, 11 ],
	"Abiqcl" : [ 3, 4, 0, 12 ],
	"Ablk2x12" : [ 3, 4, 0, 13 ],
	"Atwd1x12" : [ 3, 4, 0, 14 ],
	"Atwd4x10" : [ 3, 4, 0, 15 ],
	
	"Ctwd1x8" : [ 3, 5, 0, 0 ],
	"Ctwd1x12" : [ 3, 5, 0, 1 ],
	"Ctwd4x10" : [ 3, 5, 0, 2 ],
	"Cblk2x10" : [ 3, 5, 0, 3 ],
	"Cblk2x12" : [ 3, 5, 0, 4 ],
	"Cac15" : [ 3, 5, 0, 5 ],
	"Cac30" : [ 3, 5, 0, 6 ],
	"Cad120vtx" : [ 3, 5, 0, 7 ],
	"Cukh30" : [ 3, 5, 0, 8 ],
	"Cukt75" : [ 3, 5, 0, 9 ],
	"Cusv30" : [ 3, 5, 0, 10 ],
	
	"Mclchorus" : [ 3, 1, 0, 0 ],
	"Mmtchorus" : [ 3, 1, 0, 1 ],
	"Mclflanger" : [ 3, 1, 0, 2 ],
	"Mbichorus" : [ 3, 1, 0, 3 ],
	"Mduophas" : [ 3, 1, 0, 4 ],
	"Mtextrem" : [ 3, 1, 0, 5 ],
	"Mrotary" : [ 3, 1, 0, 6 ],
	"Mpitch" : [ 3, 1, 0, 7 ],
	"Mmoddly" : [ 3, 1, 0, 8 ],
	"Mfiltron" : [ 3, 1, 0, 9 ],
	"Mtalkmod" : [ 3, 1, 0, 10 ],
	
	"Dechoplus" : [ 3, 2, 0, 0 ],
	"Dmultihead" : [ 3, 2, 0, 1 ],
	"Danalogdl" : [ 3, 2, 0, 2 ],
	"Dmoddly" : [ 3, 2, 0, 3 ],
	"Dsweepdl" : [ 3, 2, 0, 4 ],
	"Dstdl" : [ 3, 2, 0, 5 ],
	"Dcrossdl" : [ 3, 2, 0, 6 ],
	"D2tapdl" : [ 3, 2, 0, 7 ],
	"Drythmdl" : [ 3, 2, 0, 8 ],
	"Dholddl" : [ 3, 2, 0, 9 ],
	"Drevrsdl" : [ 3, 2, 0, 10 ],
	
	"Rslap" : [ 3, 3, 0, 0 ],
	"Rspring" : [ 3, 3, 0, 1 ],
	"Rbounce" : [ 3, 3, 0, 2 ],
	"Rplate" : [ 3, 3, 0, 3 ],
	"Rgarage" : [ 3, 3, 0, 4 ],
	"Rchamber" : [ 3, 3, 0, 5 ],
	"Rcanyon" : [ 3, 3, 0, 6 ],
	"Rroom" : [ 3, 3, 0, 7 ],
	"Rstudio" : [ 3, 3, 0, 8 ],
	"Rhall" : [ 3, 3, 0, 9 ],
	"Rarena" : [ 3, 3, 0, 10 ],
	
	"Pc1" : [ 4, 0 ],
	"Pc2" : [ 4, 1 ],
	"Pc3" : [ 4, 2 ],
	"Pc4" : [ 4, 3 ],
	"Pc5" : [ 4, 4 ],
	"Pc6" : [ 4, 5 ],
	
	"Ac1" : [ 8, 0 ],
	"Ac2" : [ 8, 1 ],
	"Ac3" : [ 8, 2 ],
	"Ac4" : [ 8, 3 ],
	"Ac5" : [ 8, 4 ],
	"Ac6" : [ 8, 5 ],
	"Presence" : [ 8, 6, 0 ],
	
	"Proglvl" : [ 1, 0 ],
	"NRsens" : [ 1, 1 ],
	
	"Mc1" : [ 5, 0 ],
	"Mc2" : [ 5, 1 ],
	"Mc3" : [ 5, 2 ],
	"Mc4" : [ 5, 3 ],
	"Mc5" : [ 5, 4 ],
	"Mc6" : [ 5, 5 ],
	
	"Dc1" : [ 6, 0 ],
	"Dc2" : [ 6, 1 ],
	"Dc3" : [ 6, 2 ],
	"Dc4" : [ 6, 3 ],
	"Dc5" : [ 6, 4 ],
	"Dc6" : [ 6, 5 ],
	
	"Rc1" : [ 7, 0 ],
	"Rc2" : [ 7, 1 ],
	"Rc3" : [ 7, 2 ],
	"Rc4" : [ 7, 3 ],
	"Rc6" : [ 7, 5 ],
	
	"Exptarget" : [ 12, 0 ],
	"Expmin" : [ 12, 1 ],
	"Expmax" : [ 12, 2 ],
	
	"Ctltarget" : [14, 0 ],
	"Ctlfactor" : [14, 1 ],
	
	"MD-DL-RV" : [ 2, 16, 0, 0 ],
	"MD-RV-DL" : [ 2, 16, 0, 1 ],
	"DL-MD-RV" : [ 2, 16, 0, 2 ],
	"DL-RV-MD" : [ 2, 16, 0, 3 ],
	"RV-MD-DL" : [ 2, 16, 0, 4 ],
	"RV-DL-MD" : [ 2, 16, 0, 5 ]
}
